Title (fr-FR),Short description (fr-FR),Full description (fr-FR),Title (en-US),Short description (en-US),Full description (en-US),Title (pt-BR),Short description (pt-BR),Full description (pt-BR),Title (ru-RU),Short description (ru-RU),Full description (ru-RU),Title (ar-SA),Short description (ar-SA),Full description (ar-SA),Title (zh-CN),Short description (zh-CN),Full description (zh-CN),Title (ja-JP),Short description (ja-JP),Full description (ja-JP),Title (hi-IN),Short description (hi-IN),Full description (hi-IN)
"Zoo Logic : Puzzle Animaux","Résolvez des grilles d'animaux ! Un puzzle logique unique, doux et addictif.","Zoo Logic est un jeu de réflexion minimaliste où vous devez placer un animal par zone sur une grille colorée. Simple à prendre en main, redoutablement addictif !

Un casse-tête zen qui stimule votre logique à chaque niveau. 🧩


Pourquoi vous allez l'adorer :

🐾 Des animaux mignons — 30 créatures adorables à collectionner dans des grilles colorées
🧠 Puzzle pur — 4 règles simples, une profondeur infinie : chaque grille est un vrai défi
📐 Solution unique — Chaque niveau a une seule et unique réponse. Pas de chance, que de logique !
📈 Progression infinie — Des grilles 4×4 aux pastilles aux grilles 8×8 expertes. Vous ne vous ennuillez jamais
💡 Indices intelligents — Bloqué ? Un indice lumineux vous guide sans tout révéler
🏆 Défis quotidiens — Relevez de nouveaux puzzles chaque jour et grimpez au classement


Comment jouer :

1️⃣ Placez un animal dans chaque zone colorée
2️⃣ Une seule créature par ligne et par colonne
3️⃣ Deux animaux ne peuvent jamais se toucher en diagonale
4️⃣ Complétez la grille sans conflit pour gagner !


Zoo Logic — le puzzle qui rend la logique amusante. 🦁🐧🦊

Téléchargez gratuitement et découvrez pourquoi les joueurs sont déjà accros !","Zoo Logic: Animal Puzzle","Solve animal grids! A unique, gentle and addictive logic puzzle.","Zoo Logic is a minimalist brain game where you place one animal per zone on a colorful grid. Easy to learn, incredibly addictive!

A zen puzzle that challenges your logic at every level. 🧩


Why you'll love it:

🐾 Cute animals — 30 adorable creatures to collect across colorful grids
🧠 Pure puzzle — 4 simple rules, infinite depth: every grid is a real challenge
📐 Unique solution — Each level has one and only one answer. No luck, only logic!
📈 Infinite progression — From 4×4 pastel grids to 8×8 expert boards. You'll never get bored
💡 Smart hints — Stuck? A glowing hint guides you without giving everything away
🏆 Daily challenges — Tackle new puzzles every day and climb the leaderboard


How to play:

1️⃣ Place one animal in each colored zone
2️⃣ One creature per row and per column
3️⃣ Two animals can never touch diagonally
4️⃣ Complete the grid without conflict to win!


Zoo Logic — the puzzle that makes logic fun. 🦁🐧🦊

Download for free and find out why players are already hooked!","Zoo Logic: Puzzle Animal","Resolva grades de animais! Um puzzle lógico único, suave e viciante.","Zoo Logic é um jogo de raciocínio minimalista onde você coloca um animal por zona em uma grade colorida. Fácil de aprender, incrivelmente viciante!

Um puzzle zen que desafia sua lógica em cada nível. 🧩


Por que você vai adorar:

🐾 Animais fofos — 30 criaturas adoráveis para coletar em grades coloridas
🧠 Puzzle puro — 4 regras simples, profundidade infinita: cada grade é um verdadeiro desafio
📐 Solução única — Cada nível tem uma única resposta. Sem sorte, só lógica!
📈 Progressão infinita — De grades 4×4 pastel a tabuleiros 8×8 experts. Você nunca vai se entediar
💡 Dicas inteligentes — Travado? Uma dica luminosa te guia sem revelar tudo
🏆 Desafios diários — Enfrente novos puzzles todos os dias e suba no ranking


Como jogar:

1️⃣ Coloque um animal em cada zona colorida
2️⃣ Uma criatura por linha e por coluna
3️⃣ Dois animais nunca podem se tocar na diagonal
4️⃣ Complete a grade sem conflito para vencer!


Zoo Logic — o puzzle que torna a lógica divertida. 🦁🐧🦊

Baixe gratuitamente e descubra por que os jogadores já são viciados!","Zoo Logic: Животные Пазл","Решайте головоломки с животными! Уникальная, мягкая и затягивающая логическая игра.","Zoo Logic — это минималистичная игра на логику, где вы размещаете одно животное в каждой зоне цветной сетки. Легко начать, невероятно затягивает!

Зен-головоломка, которая проверяет вашу логику на каждом уровне. 🧩


Почему вам понравится:

🐾 Милые животные — 30 очаровательных существ для сбора в цветных сетках
🧠 Чистый пазл — 4 простых правила, бесконечная глубина: каждая сетка — настоящее испытание
📐 Уникальное решение — У каждого уровня только один ответ. Никакой удачи, только логика!
📈 Бесконечный прогресс — От сеток 4×4 до экспертных 8×8. Вам никогда не будет скучно
💡 Умные подсказки — Застряли? Светящаяся подсказка проведёт вас, не раскрывая всего
🏆 Ежедневные испытания — Решайте новые головоломки каждый день и поднимайтесь в рейтинге


Как играть:

1️⃣ Разместите одно животное в каждой цветной зоне
2️⃣ Одно существо на строку и на столбец
3️⃣ Два животных никогда не могут касаться по диагонали
4️⃣ Заполните сетку без конфликтов, чтобы победить!


Zoo Logic — головоломка, которая делает логику весёлой. 🦁🐧🦊

Скачайте бесплатно и узнайте, почему игроки уже в восторге!","Zoo Logic: لغز الحيوانات","حل شبكات الحيوانات! لعبة منطق فريدة وممتعة وإدمانية.","Zoo Logic هي لعبة تفكير بسيطة حيث تضع حيواناً واحداً في كل منطقة على شبكة ملونة. سهلة التعلم، إدمانية بشكل لا يصدق!

لغز زين يتحدى منطقك في كل مستوى. 🧩


لماذا ستحبها:

🐾 حيوانات لطيفة — 30 مخلوقات جميلة للتجميع في شبكات ملونة
🧠 لغز نقي — 4 قواعد بسيطة، عمق لا نهائي: كل شبكة تحدي حقيقي
📐 حل فريد — كل مستوى له إجابة واحدة فقط. لا حظ، منطق فقط!
📈 تقدم لا نهائي — من شبكات 4×4 إلى لوحات 8×8 للمحترفين. لن تمل أبداً
💡 تلميحات ذكية — عالق؟ إشارة مضيئة ت hướngدونك دون الكشف عن كل شيء
🏆 تحديات يومية — حاول لغز جديد كل يوم واصعد في الترتيب


كيف تلعب:

1️⃣ ضع حيواناً واحداً في كل منطقة ملونة
2️⃣ مخلوق واحد لكل صف وكل عمود
3️⃣ حيوانان لا يمكن أن يتلامسان قطرياً أبداً
4️⃣ أكمل الشبكة بدون تعارض لتفوز!


Zoo Logic — اللغز الذي يجعل المنطق ممتعاً. 🦁🐧🦊

حمّل مجاناً واكتشف لماذا اللاعبون مدمنون بالفعل!","Zoo Logic: 动物拼图","解开动物网格！一个独特、温和且令人上瘾的逻辑谜题。","Zoo Logic 是一款极简风格的益智游戏，你需要在彩色网格中每个区域放置一只动物。简单易学，令人上瘾！

一个挑战你逻辑思维的禅意谜题。 🧩


为什么你会爱上它：

🐾 可爱的动物 — 30种可爱的生物，分布在彩色网格中等你收集
🧠 纯粹的谜题 — 4条简单规则，无限深度：每个网格都是真正的挑战
📐 唯一解 — 每个关卡只有一个正确答案。没有运气，只有逻辑！
📈 无限进阶 — 从4×4的粉色网格到8×8的专家级棋盘，永远不会无聊
💡 智能提示 — 卡住了？发光的提示引导你，不会全部剧透
🏆 每日挑战 — 每天解决新谜题，攀登排行榜


玩法说明：

1️⃣ 在每个彩色区域放置一只动物
2️⃣ 每行每列只能有一只动物
3️⃣ 两只动物永远不能在对角线上相邻
4️⃣ 完成网格且无冲突即可获胜！


Zoo Logic — 让逻辑变得有趣的谜题。 🦁🐧🦊

免费下载，发现为什么玩家们已经沉迷其中！","Zoo Logic: 動物パズル","動物のグリッドを解け！ユニークで優しい、中毒性の高いロジックパズル。","Zoo Logic は、カラフルなグリッドの各ゾーンに動物を1体ずつ配置するミニマルな脳トレゲーム。シンプルで、信じられないほど中毒性が高い！

レベルごとにロジックに挑む禅パズル。 🧩


おすすめのポイント：

🐾 かわいい動物 — カラフルなグリッドで集める30匹の愛らしい動物たち
🧠 純粋なパズル — シンプルな4つのルール、無限の深み：すべてのグリッドが本物の挑戦
📐 ユニークな解 — 各レベルには唯一つの答えがある。運なし、ロジックのみ！
📈 無限の進行 — 4×4のパステルグリッドから8×8のエキスパートボードまで。飽きることはありません
💡 スマートヒント — 行き詰まった？光るヒントが全部見せずにガイド
🏆 デイリーチャレンジ — 每日新しいパズルに挑戦し、リーダーボードでランキングアップ


遊び方：

1️⃣ 各カラフルなゾーンに動物を1体配置
2️⃣ 1行1列に1体のみ
3️⃣ 2体の動物は斜めに隣接することは絶対にない
4️⃣ コンフリクトなしでグリッドを完成させて勝利！


Zoo Logic — ロジックを楽しいものにするパズル。 🦁🐧🦊

無料でダウンロードして、なぜプレイヤーがハマっているのか発見しよう！","Zoo Logic: पशु पज़ल","जानवरों के ग्रिड को हल करें! एक अनोखा, सौम्य और लत लगने वाला लॉजिक पज़ल।","Zoo Logic एक मिनिमलिस्ट ब्रेन गेम है जहाँ आप रंगीन ग्रिड के प्रत्येक ज़ोन में एक जानवर रखते हैं। सीखने में आसान, अविश्वसनीय रूप से लत लगने वाला!

हर लेवल पर आपकी लॉजिक को चुनौती देने वाला ज़ेन पज़ल। 🧩


आपको क्यों पसंद आएगा:

🐾 प्यारे जानवर — रंगीन ग्रिड में इकट्ठा करने के लिए 30 प्यारे जीव
🧠 शुद्ध पज़ल — 4 सरल नियम, अनंत गहराई: हर ग्रिड एक असली चुनौती है
📐 अनोखा समाधान — हर लेवल का एक ही जवाब है। कोई किस्मत नहीं, सिर्फ लॉजिक!
📈 अनंत प्रगति — 4×4 पेस्टल ग्रिड से 8×8 एक्सपर्ट बोर्ड तक। कभी बोर नहीं होंगे
💡 स्मार्ट हिंट्स — फंस गए? एक चमकता हिंट आपको बिना सब बताए गाइड करता है
🏆 रोज़मरा चुनौतियाँ — हर रोज़ नए पज़ल हल करें और लीडरबोर्ड पर चढ़ें


कैसे खेलें:

1️⃣ हर रंगीन ज़ोन में एक जानवर रखें
2️⃣ हर पंक्ति और हर स्तंभ में एक ही जीव
3️⃣ दो जानवर कभी विकर्ण में नहीं छू सकते
4️⃣ बिना किसी टकराव के ग्रिड पूरा करके जीतें!


Zoo Logic — पज़ल जो लॉजिक को मज़ेदार बनाता है। 🦁🐧🦊

मुफ्त में डाउनलोड करें और जानें क्यों खिलाड़ी पहले से ही दीवाने हैं!"
